<?xml version="1.0" encoding="UTF-8"?>
<!DOCTYPE suite SYSTEM "https://testng.org/testng-1.0.dtd">
<suite configfailurepolicy="continue" name="TechCompute Composer Smoke Suite" verbose="1" parallel="tests" thread-count="1">
    <test name="Ingestion DAGs" parallel="instances" thread-count="50" group-by-instances="true">
        <classes>
            <class name="ca.loblaw.cerebro.automation.testcases.cloudcomposer.techcompute.IngestionSmokeFactory"/>
        </classes>
    </test>
    <test name="Snapshot DAGs" parallel="instances" thread-count="50" group-by-instances="true">
        <classes>
            <class name="ca.loblaw.cerebro.automation.testcases.cloudcomposer.techcompute.SnapshotSmokeFactory"/>
        </classes>
    </test>
    <test name="Curation DAGs" parallel="instances" thread-count="50" group-by-instances="true">
        <classes>
            <class name="ca.loblaw.cerebro.automation.testcases.cloudcomposer.techcompute.CurationSmokeFactory"/>
        </classes>
    </test>
    <test name="Publication DAGs" parallel="instances" thread-count="50" group-by-instances="true">
        <classes>
            <class name="ca.loblaw.cerebro.automation.testcases.cloudcomposer.techcompute.PublicationSmokeFactory"/>
        </classes>
    </test>
</suite>
