<?xml version="1.0" encoding="UTF-8"?>
<!DOCTYPE suite SYSTEM "https://testng.org/testng-1.0.dtd">
<suite name="File Routing Suite">
    <test name="File Routing" parallel="instances" thread-count="50" group-by-instances="true">
        <groups>
            <run>
                <include name="Copy"/>
            </run>
        </groups>
        <classes>
            <class name="ca.loblaw.cerebro.automation.testcases.filerouting.FileRoutingFactory"/>
        </classes>
    </test>
</suite>
