[
  {
    "source": {
      "project": "lt-dia-lake-prd-landing",
      "bucket": "cerebro-prd-landing-qa",
      "folder": "entity_b2b/SAP.KNA1__ct"
    },
    "target": {
      "project": "lt-dia-lake-${ENV}-raw",
      "bucket": "cerebro-${ENV}-raw-entity-b2b",
      "folder": "SAP/.../SAP.KNA1__ct"
    },
    "copy": {
      "project": "lt-dia-lake-${ENV}-techcompute",
      "bucket": "cerebro-${ENV}-tec-testing",
      "folder": "entity_b2b/SAP.KNA1__ct"
    }
  },
  {
    "source": {
      "project": "lt-dia-lake-prd-landing",
      "bucket": "cerebro-prd-landing-qa",
      "folder": "entity_b2c/ZUORA.account__ct"
    },
    "target": {
      "project": "lt-dia-lake-${ENV}-raw",
      "bucket": "cerebro-${ENV}-raw-entity-b2c",
      "folder": "ZUORA/.../ZUORA.account__ct"
    },
    "copy": {
      "project": "lt-dia-lake-${ENV}-techcompute",
      "bucket": "cerebro-${ENV}-tec-testing",
      "folder": "entity_b2c/ZUORA.account__ct"
    }
  },
  {
    "source": {
      "project": "lt-dia-lake-prd-landing",
      "bucket": "cerebro-prd-landing-qa",
      "folder": "entity_competitor/E3.LCL_QA"
    },
    "target": {
      "project": "lt-dia-lake-${ENV}-raw",
      "bucket": "cerebro-${ENV}-raw-entity-competitor",
      "folder": "E3/.../E3.LCL_QA"
    },
    "copy": {
      "project": "lt-dia-lake-${ENV}-techcompute",
      "bucket": "cerebro-${ENV}-tec-testing",
      "folder": "entity_competitor/E3.LCL_QA"
    }
  },
  {
    "source": {
      "project": "lt-dia-lake-prd-landing",
      "bucket": "cerebro-prd-landing-qa",
      "folder": "entity_employee/Workday.human_capital_management"
    },
    "target": {
      "project": "lt-dia-lake-${ENV}-raw",
      "bucket": "cerebro-${ENV}-raw-entity-employee",
      "folder": "Workday/.../Workday.human_capital_management"
    },
    "copy": {
      "project": "lt-dia-lake-${ENV}-techcompute",
      "bucket": "cerebro-${ENV}-tec-testing",
      "folder": "entity_employee/Workday.human_capital_management"
    }
  },
  {
    "source": {
      "project": "lt-dia-lake-prd-landing",
      "bucket": "cerebro-prd-landing-qa",
      "folder": "entity_vendor/SAP.LFA1__ct"
    },
    "target": {
      "project": "lt-dia-lake-${ENV}-raw",
      "bucket": "cerebro-${ENV}-raw-entity-vendor",
      "folder": "SAP/.../SAP.LFA1__ct"
    },
    "copy": {
      "project": "lt-dia-lake-${ENV}-techcompute",
      "bucket": "cerebro-${ENV}-tec-testing",
      "folder": "entity_vendor/SAP.LFA1__ct"
    }
  },
  {
    "source": {
      "project": "lt-dia-lake-prd-landing",
      "bucket": "cerebro-prd-landing-qa",
      "folder": "financial_acct/SAP.BKPF__ct"
    },
    "target": {
      "project": "lt-dia-lake-${ENV}-raw",
      "bucket": "cerebro-${ENV}-raw-financial-acct",
      "folder": "SAP/.../SAP.BKPF__ct"
    },
    "copy": {
      "project": "lt-dia-lake-${ENV}-techcompute",
      "bucket": "cerebro-${ENV}-tec-testing",
      "folder": "financial_acct/SAP.BKPF__ct"
    }
  },
  {
    "source": {
      "project": "lt-dia-lake-prd-landing",
      "bucket": "cerebro-prd-landing-qa",
      "folder": "financial_ap/SAP.WBRK__ct"
    },
    "target": {
      "project": "lt-dia-lake-${ENV}-raw",
      "bucket": "cerebro-${ENV}-raw-financial-ap",
      "folder": "SAP/.../SAP.WBRK__ct"
    },
    "copy": {
      "project": "lt-dia-lake-${ENV}-techcompute",
      "bucket": "cerebro-${ENV}-tec-testing",
      "folder": "financial_ap/SAP.WBRK__ct"
    }
  },
  {
    "source": {
      "project": "lt-dia-lake-prd-landing",
      "bucket": "cerebro-prd-landing-qa",
      "folder": "financial_ar/SAP.VBRK__ct"
    },
    "target": {
      "project": "lt-dia-lake-${ENV}-raw",
      "bucket": "cerebro-${ENV}-raw-financial-ar",
      "folder": "SAP/.../SAP.VBRK__ct"
    },
    "copy": {
      "project": "lt-dia-lake-${ENV}-techcompute",
      "bucket": "cerebro-${ENV}-tec-testing",
      "folder": "financial_ar/SAP.VBRK__ct"
    }
  },
  {
    "source": {
      "project": "lt-dia-lake-prd-landing",
      "bucket": "cerebro-prd-landing-qa",
      "folder": "financial_profitability/SAP.VBRP__ct"
    },
    "target": {
      "project": "lt-dia-lake-${ENV}-raw",
      "bucket": "cerebro-${ENV}-raw-financial-profitability",
      "folder": "SAP/.../SAP.VBRP__ct"
    },
    "copy": {
      "project": "lt-dia-lake-${ENV}-techcompute",
      "bucket": "cerebro-${ENV}-tec-testing",
      "folder": "financial_profitability/SAP.VBRP__ct"
    }
  },
  {
    "source": {
      "project": "lt-dia-lake-prd-landing",
      "bucket": "cerebro-prd-landing-qa",
      "folder": "financial_reporting/TD.rtl_qlfy_prrtd_pstd_sl_dly__ct"
    },
    "target": {
      "project": "lt-dia-lake-${ENV}-raw",
      "bucket": "cerebro-${ENV}-raw-financial-reporting",
      "folder": "TD/.../TD.rtl_qlfy_prrtd_pstd_sl_dly__ct"
    },
    "copy": {
      "project": "lt-dia-lake-${ENV}-techcompute",
      "bucket": "cerebro-${ENV}-tec-testing",
      "folder": "financial_reporting/TD.rtl_qlfy_prrtd_pstd_sl_dly__ct"
    }
  },
  {
    "source": {
      "project": "lt-dia-lake-prd-landing",
      "bucket": "cerebro-prd-landing-qa",
      "folder": "logistics_inventorymgmt/SAP.MSEG__ct"
    },
    "target": {
      "project": "lt-dia-lake-${ENV}-raw",
      "bucket": "cerebro-${ENV}-raw-logistics-inventorymgmt",
      "folder": "SAP/.../SAP.MSEG__ct"
    },
    "copy": {
      "project": "lt-dia-lake-${ENV}-techcompute",
      "bucket": "cerebro-${ENV}-tec-testing",
      "folder": "logistics_inventorymgmt/SAP.MSEG__ct"
    }
  },
  {
    "source": {
      "project": "lt-dia-lake-prd-landing",
      "bucket": "cerebro-prd-landing-qa",
      "folder": "logistics_procurement/SAP.MVKE__ct"
    },
    "target": {
      "project": "lt-dia-lake-${ENV}-raw",
      "bucket": "cerebro-${ENV}-raw-logistics-procurement",
      "folder": "SAP/.../SAP.MVKE__ct"
    },
    "copy": {
      "project": "lt-dia-lake-${ENV}-techcompute",
      "bucket": "cerebro-${ENV}-tec-testing",
      "folder": "logistics_procurement/SAP.MVKE__ct"
    }
  },
  {
    "source": {
      "project": "lt-dia-lake-prd-landing",
      "bucket": "cerebro-prd-landing-qa",
      "folder": "logistics_transportmgmt/SAP.VBPA__ct"
    },
    "target": {
      "project": "lt-dia-lake-${ENV}-raw",
      "bucket": "cerebro-${ENV}-raw-logistics-transportmgmt",
      "folder": "SAP/.../SAP.VBPA__ct"
    },
    "copy": {
      "project": "lt-dia-lake-${ENV}-techcompute",
      "bucket": "cerebro-${ENV}-tec-testing",
      "folder": "logistics_transportmgmt/SAP.VBPA__ct"
    }
  },
  {
    "source": {
      "project": "lt-dia-lake-prd-landing",
      "bucket": "cerebro-prd-landing-qa",
      "folder": "logistics_whsemgmt/SAP.STKO__ct"
    },
    "target": {
      "project": "lt-dia-lake-${ENV}-raw",
      "bucket": "cerebro-${ENV}-raw-logistics-whsemgmt",
      "folder": "SAP/.../SAP.STKO__ct"
    },
    "copy": {
      "project": "lt-dia-lake-${ENV}-techcompute",
      "bucket": "cerebro-${ENV}-tec-testing",
      "folder": "logistics_whsemgmt/SAP.STKO__ct"
    }
  },
  {
    "source": {
      "project": "lt-dia-lake-prd-landing",
      "bucket": "cerebro-prd-landing-qa",
      "folder": "marketingchannels_digitaltarget/PG.ttd_impressions__ct"
    },
    "target": {
      "project": "lt-dia-lake-${ENV}-raw",
      "bucket": "cerebro-${ENV}-raw-marketingchannels-digitaltarget",
      "folder": "PG/.../PG.ttd_impressions__ct"
    },
    "copy": {
      "project": "lt-dia-lake-${ENV}-techcompute",
      "bucket": "cerebro-${ENV}-tec-testing",
      "folder": "marketingchannels_digitaltarget/PG.ttd_impressions__ct"
    }
  },
  {
    "source": {
      "project": "lt-dia-lake-prd-landing",
      "bucket": "cerebro-prd-landing-qa",
      "folder": "marketingchannels_loyalty/AAM.tdid_uuid"
    },
    "target": {
      "project": "lt-dia-lake-${ENV}-raw",
      "bucket": "cerebro-${ENV}-raw-marketingchannels-loyalty",
      "folder": "AAM/.../AAM.tdid_uuid"
    },
    "copy": {
      "project": "lt-dia-lake-${ENV}-techcompute",
      "bucket": "cerebro-${ENV}-tec-testing",
      "folder": "marketingchannels_loyalty/AAM.tdid_uuid"
    }
  },
  {
    "source": {
      "project": "lt-dia-lake-prd-landing",
      "bucket": "cerebro-prd-landing-qa",
      "folder": "marketingchannels_mass/Dentsu.dentsu_planned"
    },
    "target": {
      "project": "lt-dia-lake-${ENV}-raw",
      "bucket": "cerebro-${ENV}-raw-marketingchannels-mass",
      "folder": "Dentsu/.../Dentsu.dentsu_planned__ct"
    },
    "copy": {
      "project": "lt-dia-lake-${ENV}-techcompute",
      "bucket": "cerebro-${ENV}-tec-testing",
      "folder": "marketingchannels_mass/Dentsu.dentsu_planned"
    }
  },
  {
    "source": {
      "project": "lt-dia-lake-prd-landing",
      "bucket": "cerebro-prd-landing-qa",
      "folder": "marketingchannels_research/MARKETS.VW_TA_COMP_MSTR"
    },
    "target": {
      "project": "lt-dia-lake-${ENV}-raw",
      "bucket": "cerebro-${ENV}-raw-marketingchannels-research",
      "folder": "MARKETS/.../MARKETS.VW_TA_COMP_MSTR"
    },
    "copy": {
      "project": "lt-dia-lake-${ENV}-techcompute",
      "bucket": "cerebro-${ENV}-tec-testing",
      "folder": "marketingchannels_research/MARKETS.VW_TA_COMP_MSTR"
    }
  },
  {
    "source": {
      "project": "lt-dia-lake-prd-landing",
      "bucket": "cerebro-prd-landing-qa",
      "folder": "merchandising_assortment/SAP.MALG__ct"
    },
    "target": {
      "project": "lt-dia-lake-${ENV}-raw",
      "bucket": "cerebro-${ENV}-raw-merchandising-assortment",
      "folder": "SAP/.../SAP.MALG__ct"
    },
    "copy": {
      "project": "lt-dia-lake-${ENV}-techcompute",
      "bucket": "cerebro-${ENV}-tec-testing",
      "folder": "merchandising_assortment/SAP.MALG__ct"
    }
  },
  {
    "source": {
      "project": "lt-dia-lake-prd-landing",
      "bucket": "cerebro-prd-landing-qa",
      "folder": "merchandising_demandplan/SAP.MARC__ct"
    },
    "target": {
      "project": "lt-dia-lake-${ENV}-raw",
      "bucket": "cerebro-${ENV}-raw-merchandising-demandplan",
      "folder": "SAP/.../SAP.MARC__ct"
    },
    "copy": {
      "project": "lt-dia-lake-${ENV}-techcompute",
      "bucket": "cerebro-${ENV}-tec-testing",
      "folder": "merchandising_demandplan/SAP.MARC__ct"
    }
  },
  {
    "source": {
      "project": "lt-dia-lake-prd-landing",
      "bucket": "cerebro-prd-landing-qa",
      "folder": "merchandising_pricing/SAP.KNVV__ct"
    },
    "target": {
      "project": "lt-dia-lake-${ENV}-raw",
      "bucket": "cerebro-${ENV}-raw-merchandising-pricing",
      "folder": "SAP/.../SAP.KNVV__ct"
    },
    "copy": {
      "project": "lt-dia-lake-${ENV}-techcompute",
      "bucket": "cerebro-${ENV}-tec-testing",
      "folder": "merchandising_pricing/SAP.KNVV__ct"
    }
  },
  {
    "source": {
      "project": "lt-dia-lake-prd-landing",
      "bucket": "cerebro-prd-landing-qa",
      "folder": "merchandising_qa/SAP.ZMC_RECALL_UPC__ct"
    },
    "target": {
      "project": "lt-dia-lake-${ENV}-raw",
      "bucket": "cerebro-${ENV}-raw-merchandising-qa",
      "folder": "SAP/.../SAP.ZMC_RECALL_UPC__ct"
    },
    "copy": {
      "project": "lt-dia-lake-${ENV}-techcompute",
      "bucket": "cerebro-${ENV}-tec-testing",
      "folder": "merchandising_qa/SAP.ZMC_RECALL_UPC__ct"
    }
  },
  {
    "source": {
      "project": "lt-dia-lake-prd-landing",
      "bucket": "cerebro-prd-landing-qa",
      "folder": "merchandising_sourcing/SAP.EINA__ct"
    },
    "target": {
      "project": "lt-dia-lake-${ENV}-raw",
      "bucket": "cerebro-${ENV}-raw-merchandising-sourcing",
      "folder": "SAP/.../SAP.EINA__ct"
    },
    "copy": {
      "project": "lt-dia-lake-${ENV}-techcompute",
      "bucket": "cerebro-${ENV}-tec-testing",
      "folder": "merchandising_sourcing/SAP.EINA__ct"
    }
  },
  {
    "source": {
      "project": "lt-dia-lake-prd-landing",
      "bucket": "cerebro-prd-landing-qa",
      "folder": "product&services_product/VIVEPLM.centric_td_plm_colorway__ct"
    },
    "target": {
      "project": "lt-dia-lake-${ENV}-raw",
      "bucket": "cerebro-${ENV}-raw-product",
      "folder": "VIVEPLM/.../VIVEPLM.centric_td_plm_colorway__ct"
    },
    "copy": {
      "project": "lt-dia-lake-${ENV}-techcompute",
      "bucket": "cerebro-${ENV}-tec-testing",
      "folder": "product&services_product/VIVEPLM.centric_td_plm_colorway__ct"
    }
  },
  {
    "source": {
      "project": "lt-dia-lake-prd-landing",
      "bucket": "cerebro-prd-landing-qa",
      "folder": "product_product/SAP.MARA__ct"
    },
    "target": {
      "project": "lt-dia-lake-${ENV}-raw",
      "bucket": "cerebro-${ENV}-raw-product",
      "folder": "SAP/.../SAP.MARA__ct"
    },
    "copy": {
      "project": "lt-dia-lake-${ENV}-techcompute",
      "bucket": "cerebro-${ENV}-tec-testing",
      "folder": "product_product/SAP.MARA__ct"
    }
  },
  {
    "source": {
      "project": "lt-dia-lake-prd-landing",
      "bucket": "cerebro-prd-landing-qa",
      "folder": "product_services/ZUORA.product__ct"
    },
    "target": {
      "project": "lt-dia-lake-${ENV}-raw",
      "bucket": "cerebro-${ENV}-raw-product-services",
      "folder": "ZUORA/.../ZUORA.product__ct"
    },
    "copy": {
      "project": "lt-dia-lake-${ENV}-techcompute",
      "bucket": "cerebro-${ENV}-tec-testing",
      "folder": "product_services/ZUORA.product__ct"
    }
  },
  {
    "source": {
      "project": "lt-dia-lake-prd-landing",
      "bucket": "cerebro-prd-landing-qa",
      "folder": "reference_financialstd/SAP.ZMC_MLAN__ct"
    },
    "target": {
      "project": "lt-dia-lake-${ENV}-raw",
      "bucket": "cerebro-${ENV}-raw-reference-financialstd",
      "folder": "SAP/.../SAP.ZMC_MLAN__ct"
    },
    "copy": {
      "project": "lt-dia-lake-${ENV}-techcompute",
      "bucket": "cerebro-${ENV}-tec-testing",
      "folder": "reference_financialstd/SAP.ZMC_MLAN__ct"
    }
  },
  {
    "source": {
      "project": "lt-dia-lake-prd-landing",
      "bucket": "cerebro-prd-landing-qa",
      "folder": "reference_hierarchies/SAP.T023__ct"
    },
    "target": {
      "project": "lt-dia-lake-${ENV}-raw",
      "bucket": "cerebro-${ENV}-raw-reference-hierarchies",
      "folder": "SAP/.../SAP.T023__ct"
    },
    "copy": {
      "project": "lt-dia-lake-${ENV}-techcompute",
      "bucket": "cerebro-${ENV}-tec-testing",
      "folder": "reference_hierarchies/SAP.T023__ct"
    }
  },
  {
    "source": {
      "project": "lt-dia-lake-prd-landing",
      "bucket": "cerebro-prd-landing-qa",
      "folder": "reference_internal/SAP.MAKT__ct"
    },
    "target": {
      "project": "lt-dia-lake-${ENV}-raw",
      "bucket": "cerebro-${ENV}-raw-reference-internal",
      "folder": "SAP/.../SAP.MAKT__ct"
    },
    "copy": {
      "project": "lt-dia-lake-${ENV}-techcompute",
      "bucket": "cerebro-${ENV}-tec-testing",
      "folder": "reference_internal/SAP.MAKT__ct"
    }
  },
  {
    "source": {
      "project": "lt-dia-lake-prd-landing",
      "bucket": "cerebro-prd-landing-qa",
      "folder": "rx-product_services/reference_internal/HDM.table_name_CT"
    },
    "target": {
      "project": "lt-dia-lake-${ENV}-raw",
      "bucket": "cerebro-${ENV}-raw-rx-product-services",
      "folder": "HDM/.../HDM.table_name_CT"
    },
    "copy": {
      "project": "lt-dia-lake-${ENV}-techcompute",
      "bucket": "cerebro-${ENV}-tec-testing",
      "folder": "rx-product_services/reference_internal/HDM.table_name_CT"
    }
  },
  {
    "source": {
      "project": "lt-dia-lake-prd-landing",
      "bucket": "cerebro-prd-landing-qa",
      "folder": "rx-transactional_dispense/ERX.PPEREPORT__ct"
    },
    "target": {
      "project": "lt-dia-lake-${ENV}-raw",
      "bucket": "cerebro-${ENV}-raw-rx-transactional-dispense",
      "folder": "ERX/.../ERX.PPEREPORT__ct"
    },
    "copy": {
      "project": "lt-dia-lake-${ENV}-techcompute",
      "bucket": "cerebro-${ENV}-tec-testing",
      "folder": "rx-transactional_dispense/ERX.PPEREPORT__ct"
    }
  },
  {
    "source": {
      "project": "lt-dia-lake-prd-landing",
      "bucket": "cerebro-prd-landing-qa",
      "folder": "rx-transactional_syslog/ESB.RX_AUDIT__ct"
    },
    "target": {
      "project": "lt-dia-lake-${ENV}-raw",
      "bucket": "cerebro-${ENV}-raw-rx-transactional-syslog",
      "folder": "ESB/.../ESB.RX_AUDIT__ct"
    },
    "copy": {
      "project": "lt-dia-lake-${ENV}-techcompute",
      "bucket": "cerebro-${ENV}-tec-testing",
      "folder": "rx-transactional_syslog/ESB.RX_AUDIT__ct"
    }
  },
  {
    "source": {
      "project": "lt-dia-lake-prd-landing",
      "bucket": "cerebro-prd-landing-qa",
      "folder": "site_dc/WMS.LOCN_HDR__ct"
    },
    "target": {
      "project": "lt-dia-lake-${ENV}-raw",
      "bucket": "cerebro-${ENV}-raw-site-dc",
      "folder": "WMS/.../WMS.LOCN_HDR__ct"
    },
    "copy": {
      "project": "lt-dia-lake-${ENV}-techcompute",
      "bucket": "cerebro-${ENV}-tec-testing",
      "folder": "site_dc/WMS.LOCN_HDR__ct"
    }
  },
  {
    "source": {
      "project": "lt-dia-lake-prd-landing",
      "bucket": "cerebro-prd-landing-qa",
      "folder": "site_store/SAP.T001W__ct"
    },
    "target": {
      "project": "lt-dia-lake-${ENV}-raw",
      "bucket": "cerebro-${ENV}-raw-site-store",
      "folder": "SAP/.../SAP.T001W__ct"
    },
    "copy": {
      "project": "lt-dia-lake-${ENV}-techcompute",
      "bucket": "cerebro-${ENV}-tec-testing",
      "folder": "site_store/SAP.T001W__ct"
    }
  },
  {
    "source": {
      "project": "lt-dia-lake-prd-landing",
      "bucket": "cerebro-prd-landing-qa",
      "folder": "site_vendorloc/MAWM.FAC_FACILITY__ct"
    },
    "target": {
      "project": "lt-dia-lake-${ENV}-raw",
      "bucket": "cerebro-${ENV}-raw-site-vendorloc",
      "folder": "MAWM/.../MAWM.FAC_FACILITY__ct"
    },
    "copy": {
      "project": "lt-dia-lake-${ENV}-techcompute",
      "bucket": "cerebro-${ENV}-tec-testing",
      "folder": "site_vendorloc/MAWM.FAC_FACILITY__ct"
    }
  },
  {
    "source": {
      "project": "lt-dia-lake-prd-landing",
      "bucket": "cerebro-prd-landing-qa",
      "folder": "talent_compensation/Workday.compensation"
    },
    "target": {
      "project": "lt-dia-lake-${ENV}-raw",
      "bucket": "cerebro-${ENV}-raw-talent-compensation",
      "folder": "Workday/.../Workday.compensation"
    },
    "copy": {
      "project": "lt-dia-lake-${ENV}-techcompute",
      "bucket": "cerebro-${ENV}-tec-testing",
      "folder": "talent_compensation/Workday.compensation"
    }
  },
  {
    "source": {
      "project": "lt-dia-lake-prd-landing",
      "bucket": "cerebro-prd-landing-qa",
      "folder": "talent_employee/STAS.Lab_Employee_Job_List__ct"
    },
    "target": {
      "project": "lt-dia-lake-${ENV}-raw",
      "bucket": "cerebro-${ENV}-raw-talent-employee",
      "folder": "STAS/.../STAS.Lab_Employee_Job_List__ct"
    },
    "copy": {
      "project": "lt-dia-lake-${ENV}-techcompute",
      "bucket": "cerebro-${ENV}-tec-testing",
      "folder": "talent_employee/STAS.Lab_Employee_Job_List__ct"
    }
  },
  {
    "source": {
      "project": "lt-dia-lake-prd-landing",
      "bucket": "cerebro-prd-landing-qa",
      "folder": "talent_payroll/STAS.Lab_Sched_Cost_Output__ct"
    },
    "target": {
      "project": "lt-dia-lake-${ENV}-raw",
      "bucket": "cerebro-${ENV}-raw-talent-payroll",
      "folder": "STAS/.../STAS.Lab_Sched_Cost_Output__ct"
    },
    "copy": {
      "project": "lt-dia-lake-${ENV}-techcompute",
      "bucket": "cerebro-${ENV}-tec-testing",
      "folder": "talent_payroll/STAS.Lab_Sched_Cost_Output__ct"
    }
  },
  {
    "source": {
      "project": "lt-dia-lake-prd-landing",
      "bucket": "cerebro-prd-landing-qa",
      "folder": "talent_staffing/Workday.staffing_activity"
    },
    "target": {
      "project": "lt-dia-lake-${ENV}-raw",
      "bucket": "cerebro-${ENV}-raw-talent-staffing",
      "folder": "Workday/.../Workday.staffing_activity"
    },
    "copy": {
      "project": "lt-dia-lake-${ENV}-techcompute",
      "bucket": "cerebro-${ENV}-tec-testing",
      "folder": "talent_staffing/Workday.staffing_activity"
    }
  },
  {
    "source": {
      "project": "lt-dia-lake-prd-landing",
      "bucket": "cerebro-prd-landing-qa",
      "folder": "talent_timemgmt/iwfm.balance"
    },
    "target": {
      "project": "lt-dia-lake-${ENV}-raw",
      "bucket": "cerebro-${ENV}-raw-talent-timemgmt",
      "folder": "iwfm/.../iwfm.balance"
    },
    "copy": {
      "project": "lt-dia-lake-${ENV}-techcompute",
      "bucket": "cerebro-${ENV}-tec-testing",
      "folder": "talent_timemgmt/iwfm.balance"
    }
  },
  {
    "source": {
      "project": "lt-dia-lake-prd-landing",
      "bucket": "cerebro-prd-landing-qa",
      "folder": "thirdparty_gs1/gs1.nutritional_content__ct"
    },
    "target": {
      "project": "lt-dia-lake-${ENV}-raw",
      "bucket": "cerebro-${ENV}-raw-thirdparty-gs1",
      "folder": "gs1/.../gs1.nutritional_content__ct"
    },
    "copy": {
      "project": "lt-dia-lake-${ENV}-techcompute",
      "bucket": "cerebro-${ENV}-tec-testing",
      "folder": "thirdparty_gs1/gs1.nutritional_content__ct"
    }
  },
  {
    "source": {
      "project": "lt-dia-lake-prd-landing",
      "bucket": "cerebro-prd-landing-qa",
      "folder": "thirdparty_nielsen/nielsen.elasticityagg"
    },
    "target": {
      "project": "lt-dia-lake-${ENV}-raw",
      "bucket": "cerebro-${ENV}-raw-thirdparty-nielsen",
      "folder": "nielsen/.../nielsen.elasticityagg"
    },
    "copy": {
      "project": "lt-dia-lake-${ENV}-techcompute",
      "bucket": "cerebro-${ENV}-tec-testing",
      "folder": "thirdparty_nielsen/nielsen.elasticityagg"
    }
  },
  {
    "source": {
      "project": "lt-dia-lake-prd-landing",
      "bucket": "cerebro-prd-landing-qa",
      "folder": "transactional_custapp/ZUORA.rateplan__ct"
    },
    "target": {
      "project": "lt-dia-lake-${ENV}-raw",
      "bucket": "cerebro-${ENV}-raw-transactional-custapp",
      "folder": "ZUORA/.../ZUORA.rateplan__ct"
    },
    "copy": {
      "project": "lt-dia-lake-${ENV}-techcompute",
      "bucket": "cerebro-${ENV}-tec-testing",
      "folder": "transactional_custapp/ZUORA.rateplan__ct"
    }
  },
  {
    "source": {
      "project": "lt-dia-lake-prd-landing",
      "bucket": "cerebro-prd-landing-qa",
      "folder": "transactional_identity/AAM.uuid_segment"
    },
    "target": {
      "project": "lt-dia-lake-${ENV}-raw",
      "bucket": "cerebro-${ENV}-raw-transactional-identity",
      "folder": "AAM/.../AAM.uuid_segment"
    },
    "copy": {
      "project": "lt-dia-lake-${ENV}-techcompute",
      "bucket": "cerebro-${ENV}-tec-testing",
      "folder": "transactional_identity/AAM.uuid_segment"
    }
  },
  {
    "source": {
      "project": "lt-dia-lake-prd-landing",
      "bucket": "cerebro-prd-landing-qa",
      "folder": "transactional_inventorymvt/IPFR.schedrcpts"
    },
    "target": {
      "project": "lt-dia-lake-${ENV}-raw",
      "bucket": "cerebro-${ENV}-raw-transactional-inventorymvt",
      "folder": "IPFR/.../IPFR.schedrcpts"
    },
    "copy": {
      "project": "lt-dia-lake-${ENV}-techcompute",
      "bucket": "cerebro-${ENV}-tec-testing",
      "folder": "transactional_inventorymvt/IPFR.schedrcpts"
    }
  },
  {
    "source": {
      "project": "lt-dia-lake-prd-landing",
      "bucket": "cerebro-prd-landing-qa",
      "folder": "transactional_loyalty/ZUORA.subscription__ct"
    },
    "target": {
      "project": "lt-dia-lake-${ENV}-raw",
      "bucket": "cerebro-${ENV}-raw-transactional-loyalty",
      "folder": "ZUORA/.../ZUORA.subscription__ct"
    },
    "copy": {
      "project": "lt-dia-lake-${ENV}-techcompute",
      "bucket": "cerebro-${ENV}-tec-testing",
      "folder": "transactional_loyalty/ZUORA.subscription__ct"
    }
  },
  {
    "source": {
      "project": "lt-dia-lake-prd-landing",
      "bucket": "cerebro-prd-landing-qa",
      "folder": "transactional_syslog/MSTR.REPORT_USAGE"
    },
    "target": {
      "project": "lt-dia-lake-${ENV}-raw",
      "bucket": "cerebro-${ENV}-raw-transactional-syslog",
      "folder": "MSTR/.../MSTR.REPORT_USAGE"
    },
    "copy": {
      "project": "lt-dia-lake-${ENV}-techcompute",
      "bucket": "cerebro-${ENV}-tec-testing",
      "folder": "transactional_syslog/MSTR.REPORT_USAGE"
    }
  },
  {
    "source": {
      "project": "lt-dia-lake-prd-landing",
      "bucket": "cerebro-prd-landing-qa",
      "folder": "transactional_timelog/iwfm.work_summary"
    },
    "target": {
      "project": "lt-dia-lake-${ENV}-raw",
      "bucket": "cerebro-${ENV}-raw-transactional-timelog",
      "folder": "iwfm/.../iwfm.work_summary_delete"
    },
    "copy": {
      "project": "lt-dia-lake-${ENV}-techcompute",
      "bucket": "cerebro-${ENV}-tec-testing",
      "folder": "transactional_timelog/iwfm.work_summary"
    }
  },
  {
    "source": {
      "project": "lt-dia-lake-prd-landing",
      "bucket": "cerebro-prd-landing-qa",
      "folder": "transactional_tlog/HANA.ZMC_ALT_PRC_LOG_ct"
    },
    "target": {
      "project": "lt-dia-lake-${ENV}-raw",
      "bucket": "cerebro-${ENV}-raw-transactional-tlog",
      "folder": "HANA/.../HANA.ZMC_ALT_PRC_LOG__ct"
    },
    "copy": {
      "project": "lt-dia-lake-${ENV}-techcompute",
      "bucket": "cerebro-${ENV}-tec-testing",
      "folder": "transactional_tlog/HANA.ZMC_ALT_PRC_LOG_ct"
    }
  },
  {
    "source": {
      "project": "lt-dia-lake-prd-landing",
      "bucket": "cerebro-prd-landing-qa",
      "folder": "transactional_webfeed/flipp.pia_fsa_level_data"
    },
    "target": {
      "project": "lt-dia-lake-${ENV}-raw",
      "bucket": "cerebro-${ENV}-raw-transactional-webfeed",
      "folder": "flipp/.../flipp.pia_fsa_level_data"
    },
    "copy": {
      "project": "lt-dia-lake-${ENV}-techcompute",
      "bucket": "cerebro-${ENV}-tec-testing",
      "folder": "transactional_webfeed/flipp.pia_fsa_level_data"
    }
  }
]
