<?xml version="1.0" encoding="UTF-8"?>
<!DOCTYPE suite SYSTEM "https://testng.org/testng-1.0.dtd">
<suite configfailurepolicy="continue" name="End To End" verbose="1">
    <test name="End To End Test" parallel="classes" thread-count="15">
        <classes>
            <!-- Entity -->
            <class name="ca.loblaw.cerebro.automation.testcases.endtoend.entity.SAP_LFA1_Test"/>
            <class name="ca.loblaw.cerebro.automation.testcases.endtoend.entity.E3_INSTORE_MODE_Test"/>
            <class name="ca.loblaw.cerebro.automation.testcases.endtoend.entity.MP_Stores_Test"/>
            <class name="ca.loblaw.cerebro.automation.testcases.endtoend.entity.SLFR_Contacts_Test"/>

            <!-- Marketingchannels -->
            <class name="ca.loblaw.cerebro.automation.testcases.endtoend.marketingchannels.Google_DV360_Test"/>

            <!-- Merchandising -->
            <class name="ca.loblaw.cerebro.automation.testcases.endtoend.merchandising.Revionics_SPO_Test"/>

            <!-- Product -->
            <class name="ca.loblaw.cerebro.automation.testcases.endtoend.product.SAP_MARM_Test"/>
            <class name="ca.loblaw.cerebro.automation.testcases.endtoend.product.Apprl_Delv_Seas_Cost_Test"/>

            <!-- Reference -->
            <class name="ca.loblaw.cerebro.automation.testcases.endtoend.reference.SAP_A017_Test"/>
            <class name="ca.loblaw.cerebro.automation.testcases.endtoend.reference.SAP_A018_Test"/>

            <!-- Talent -->
            <class name="ca.loblaw.cerebro.automation.testcases.endtoend.talent.Snow_Users_Test"/>

            <!-- Transactional -->
            <class name="ca.loblaw.cerebro.automation.testcases.endtoend.transactional.SFMC_UnsubDataView_Test"/>
            <class name="ca.loblaw.cerebro.automation.testcases.endtoend.transactional.SFMC_TriggerSends_Test"/>
            <class name="ca.loblaw.cerebro.automation.testcases.endtoend.transactional.Flipp_PIA_Test"/>
            <class name="ca.loblaw.cerebro.automation.testcases.endtoend.transactional.SF_Chat_Test"/>
        </classes>
    </test>
</suite>