<?xml version="1.0" encoding="UTF-8"?>
<!DOCTYPE suite SYSTEM "https://testng.org/testng-1.0.dtd">
<suite configfailurepolicy="continue" name="TechCompute Smoke Suite" verbose="1" parallel="tests" thread-count="1">
    <test name="MigTechCompute" parallel="classes" thread-count="8">
        <classes>
            <class name="ca.loblaw.cerebro.automation.testcases.computesmoke.TC01_parquet2bq_IngestionTest"/>
            <class name="ca.loblaw.cerebro.automation.testcases.computesmoke.TC02_csv2bq_ingestionTest"/>
            <class name="ca.loblaw.cerebro.automation.testcases.computesmoke.TC03_beam2bq_curationTest"/>
            <class name="ca.loblaw.cerebro.automation.testcases.computesmoke.TC04_bq2bq_curationTest"/>
            <class name="ca.loblaw.cerebro.automation.testcases.computesmoke.TC05_inventory_dc_snpsht_work"/>
            <class name="ca.loblaw.cerebro.automation.testcases.computesmoke.TC06_entity_user"/>
            <class name="ca.loblaw.cerebro.automation.testcases.computesmoke.TC07_article_work"/>
            <class name="ca.loblaw.cerebro.automation.testcases.computesmoke.TC10_site_work"/>
            <!--class name="ca.loblaw.cerebro.automation.testcases.computesmoke.TC11_Hana_tlog_updated"/-->
            <class name="ca.loblaw.cerebro.automation.testcases.computesmoke.TC12_rtl_qlfy_prrtd_pstd_sl_dly_updated"/>
        </classes>
    </test>
</suite>
