<?xml version="1.0" encoding="UTF-8" ?>
<Configuration status="INFO" name="ParallelConfig">
    <CustomLevels>
        <CustomLevel name="TEST" intLevel="350"/>
        <CustomLevel name="SKIP" intLevel="250"/>
        <CustomLevel name="PASS" intLevel="290"/>
    </CustomLevels>

    <Appenders>
        <!-- Console Output -->
        <Console name="StandardConsole" target="SYSTEM_OUT">
            <PatternLayout disableAnsi="false">
                <LevelPatternSelector defaultPattern="%highlight{[%d{MMM dd yyyy HH:mm:ss}{UTC +0} UTC] %-5p [%c{1}]: %m%n}{INFO=bright_white, TEST=blue, PASS=green, SKIP=yellow}">
                    <PatternMatch key="ERROR" pattern="%highlight{[%d{MMM dd yyyy HH:mm:ss}{UTC +0} UTC] %-5p [%c{1}]: %m%throwable{short}%n}"/>
                </LevelPatternSelector>
            </PatternLayout>
        </Console>

        <Console name="InstanceConsole" target="SYSTEM_OUT">
            <PatternLayout disableAnsi="false">
                <LevelPatternSelector defaultPattern="%highlight{[%d{MMM dd yyyy HH:mm:ss}{UTC +0} UTC] [${ctx:INSTANCEID}] %-5p [%c{1}]: %m%n}{INFO=bright_white, TEST=blue, PASS=green, SKIP=yellow}">
                    <PatternMatch key="ERROR" pattern="%highlight{[%d{MMM dd yyyy HH:mm:ss}{UTC +0} UTC] [${ctx:INSTANCEID}] %-5p [%c{1}]: %m%throwable{short}%n}"/>
                </LevelPatternSelector>
            </PatternLayout>
        </Console>

        <Console name="Empty" target="SYSTEM_OUT">
            <PatternLayout disableAnsi="false" pattern=""/>
        </Console>

        <File name="StandardFileOutput" fileName="target/logs/Console.log" append="false">
            <PatternLayout disableAnsi="false" pattern="[%d{MMM dd yyyy HH:mm:ss}{UTC +0} UTC] %-5p [%c{1}]: %m%n"/>
        </File>

        <File name="InstanceFileOutput" fileName="target/logs/Console.log" append="false">
            <PatternLayout disableAnsi="false" pattern="[%d{MMM dd yyyy HH:mm:ss}{UTC +0} UTC] [${ctx:INSTANCEID}] %-5p [%c{1}]: %m%n"/>
        </File>

        <!-- Full File Output -->
        <Routing name="FileRouting">
            <Routes pattern="$${ctx:INSTANCEID}">
                <Route ref="StandardFileOutput" key="$${ctx:INSTANCEID}"/>
                <Route ref="InstanceFileOutput"/>
            </Routes>
        </Routing>

        <Routing name="ConsoleRouting">
            <Routes pattern="$${ctx:INSTANCEID}">
                <Route ref="StandardConsole" key="$${ctx:INSTANCEID}"/>
                <Route ref="InstanceConsole"/>
            </Routes>
        </Routing>

        <!-- Class File Output -->
        <Routing name="ClassRouting">
            <Routes pattern="$${ctx:INSTANCEID}">
                <Route key="$${ctx:INSTANCEID}">
                    <File name="${ctx:BUNDLENAME} ${ctx:CLASSNAME} Log" fileName="target/logs/${ctx:SUITENAME}/${ctx:BUNDLENAME}/${ctx:CLASSNAME}.log" append="false">
                        <PatternLayout disableAnsi="false" pattern="[%d{MMM dd yyyy HH:mm:ss}{UTC +0} UTC] %-5p [%c{1}]: %m%n"/>
                    </File>
                </Route>
                <Route>
                    <File name="${ctx:BUNDLENAME} ${ctx:CLASSNAME} Log" fileName="target/logs/${ctx:SUITENAME}/${ctx:BUNDLENAME}/${ctx:CLASSNAME}.log" append="false">
                        <PatternLayout disableAnsi="false" pattern="[%d{MMM dd yyyy HH:mm:ss}{UTC +0} UTC] [${ctx:INSTANCEID}] %-5p [%c{1}]: %m%n"/>
                    </File>
                </Route>
            </Routes>
        </Routing>

        <Routing name="ClassFileRouting">
            <Routes pattern="$${ctx:CLASSNAME}">
                <Route ref="Empty" key="$${ctx:CLASSNAME}"/>
                <Route ref="ClassRouting"/>
            </Routes>
        </Routing>

        <!-- Data File Output -->
        <Routing name="DataRouting">
            <Routes pattern="$${ctx:DATANAME}">
                <Route ref="Empty" key="$${ctx:DATANAME}"/>
                <Route>
                    <File name="${ctx:BUNDLENAME} ${ctx:CLASSNAME} ${ctx:DATANAME} Log" fileName="target/logs/${ctx:SUITENAME}/${ctx:BUNDLENAME}/${ctx:CLASSNAME}/${ctx:DATANAME}.log" append="false">
                        <PatternLayout disableAnsi="false" pattern="[%d{MMM dd yyyy HH:mm:ss}{UTC +0} UTC] [${ctx:INSTANCEID}] %-5p [%c{1}]: %m%n"/>
                    </File>
                </Route>
            </Routes>
        </Routing>

        <Routing name="DataFileRouting">
            <Routes pattern="$${ctx:CLASSNAME}">
                <Route ref="Empty" key="$${ctx:CLASSNAME}"/>
                <Route ref="DataRouting"/>
            </Routes>
        </Routing>
    </Appenders>

    <Loggers>
        <Root level="info">
            <AppenderRef ref="ConsoleRouting"/>
            <AppenderRef ref="FileRouting"/>
            <AppenderRef ref="ClassFileRouting"/>
            <AppenderRef ref="DataFileRouting"/>
        </Root>
    </Loggers>
</Configuration>