<?xml version="1.0" encoding="UTF-8"?>
<extentreports>
    <configuration>
        <!-- report theme -->
        <!-- standard, dark-->
        <theme>dark</theme>

        <!-- document encoding -->
        <!-- defaults to UTF-8 -->
        <encoding>UTF-8</encoding>

        <!-- protocol for script and stylesheets -->
        <!-- defaults to https -->
        <protocol>https</protocol>

        <!-- title of the document -->
        <documentTitle>Cerebro-Automation-Report</documentTitle>

        <!-- report name - displayed at top-nav -->
        <reportName>Cerebro-Automation-Report</reportName>

        <!-- view report without internet -->
        <offlineMode>false</offlineMode>

        <!-- custom javascript -->
        <js>
            const tagsContainer = document.getElementsByClassName("category-container")[0];
            tagsContainer.hidden = true;

            const timelineContainer = document.getElementsByClassName("dashboard-view")[0].getElementsByClassName("row")[2];
            timelineContainer.hidden = true;

            const
        </js>

        <!-- custom styles -->
        <css>
            .record-count-table tr:first-of-type {
                font-weight: bold;
            }

            .record-count-table td:first-child {
                font-weight: bold;
            }
        </css>
    </configuration>
</extentreports>